price,quantity,date,unix timestamp
16.602,2,Aug 14 2019 01: +0,1565740800
17.585,5,Aug 15 2019 01: +0,1565827200
17.693,6,Aug 16 2019 01: +0,1565913600
20.582,4,Aug 17 2019 01: +0,1566000000
17.276,4,Aug 18 2019 01: +0,1566086400
18.605,3,Aug 19 2019 01: +0,1566172800
15.666,5,Aug 21 2019 01: +0,1566345600
17.626,5,Aug 22 2019 01: +0,1566432000
24.492,1,Aug 23 2019 01: +0,1566518400
16.324,1,Aug 24 2019 01: +0,1566604800
16.258,1,Aug 25 2019 01: +0,1566691200
19.014,7,Aug 26 2019 01: +0,1566777600
21.252,4,Aug 27 2019 01: +0,1566864000
27.27,1,Aug 28 2019 01: +0,1566950400
26.911,6,Aug 29 2019 01: +0,1567036800
54.271,5,Aug 30 2019 01: +0,1567123200
62.061,1,Aug 31 2019 01: +0,1567209600
41.949,1,Sep 03 2019 01: +0,1567468800
28.323,1,Sep 04 2019 01: +0,1567555200
33.406,3,Sep 05 2019 01: +0,1567641600
20.476,5,Sep 06 2019 01: +0,1567728000
17.03,12,Sep 07 2019 01: +0,1567814400
15.035,111,Sep 08 2019 01: +0,1567900800
14.07,65,Sep 09 2019 01: +0,1567987200
14.447,55,Sep 10 2019 01: +0,1568073600
14.84,40,Sep 11 2019 01: +0,1568160000
13.991,37,Sep 12 2019 01: +0,1568246400
13.938,27,Sep 13 2019 01: +0,1568332800
15.62,14,Sep 14 2019 01: +0,1568419200
14.118,27,Sep 15 2019 01: +0,1568505600
13.686,22,Sep 16 2019 01: +0,1568592000
13.249,19,Sep 17 2019 01: +0,1568678400
12.69,33,Sep 18 2019 01: +0,1568764800
11.282,21,Sep 19 2019 01: +0,1568851200
10.093,22,Sep 20 2019 01: +0,1568937600
10.455,21,Sep 21 2019 01: +0,1569024000
11.027,17,Sep 22 2019 01: +0,1569110400
11.069,9,Sep 23 2019 01: +0,1569196800
10.955,15,Sep 24 2019 01: +0,1569283200
10.637,5,Sep 25 2019 01: +0,1569369600
11.681,28,Sep 26 2019 01: +0,1569456000
12.842,21,Sep 27 2019 01: +0,1569542400
13.193,10,Sep 28 2019 01: +0,1569628800
13.333,10,Sep 29 2019 01: +0,1569715200
11.844,11,Sep 30 2019 01: +0,1569801600
10.877,11,Oct 01 2019 01: +0,1569888000
10.624,9,Oct 02 2019 01: +0,1569974400
10.338,12,Oct 03 2019 01: +0,1570060800
10.788,10,Oct 04 2019 01: +0,1570147200
10.841,13,Oct 05 2019 01: +0,1570233600
10.66,8,Oct 06 2019 01: +0,1570320000
10.657,11,Oct 07 2019 01: +0,1570406400
10.441,11,Oct 08 2019 01: +0,1570492800
10.901,3,Oct 09 2019 01: +0,1570579200
10.737,4,Oct 10 2019 01: +0,1570665600
11.173,7,Oct 11 2019 01: +0,1570752000
10.711,5,Oct 12 2019 01: +0,1570838400
10.833,5,Oct 13 2019 01: +0,1570924800
10.588,4,Oct 14 2019 01: +0,1571011200
10.535,7,Oct 15 2019 01: +0,1571097600
10.215,3,Oct 16 2019 01: +0,1571184000
11.025,5,Oct 17 2019 01: +0,1571270400
9.879,6,Oct 18 2019 01: +0,1571356800
9.449,7,Oct 19 2019 01: +0,1571443200
9.098,4,Oct 20 2019 01: +0,1571529600
9.031,4,Oct 21 2019 01: +0,1571616000
9.096,6,Oct 22 2019 01: +0,1571702400
8.793,4,Oct 23 2019 01: +0,1571788800
8.675,1,Oct 24 2019 01: +0,1571875200
8.107,5,Oct 25 2019 01: +0,1571961600
7.825,5,Oct 26 2019 01: +0,1572048000
7.555,8,Oct 27 2019 01: +0,1572134400
8.437,1,Oct 28 2019 01: +0,1572224400
7.511,8,Oct 29 2019 01: +0,1572310800
7.364,4,Oct 30 2019 01: +0,1572397200
7.323,4,Oct 31 2019 01: +0,1572483600
7.511,3,Nov 01 2019 01: +0,1572570000
7.424,11,Nov 02 2019 01: +0,1572656400
7.318,6,Nov 03 2019 01: +0,1572742800
6.916,1,Nov 04 2019 01: +0,1572829200
6.903,8,Nov 05 2019 01: +0,1572915600
3.7,1,Nov 06 2019 01: +0,1573002000
6.978,5,Nov 07 2019 01: +0,1573088400
6.735,3,Nov 08 2019 01: +0,1573174800
6.518,3,Nov 09 2019 01: +0,1573261200
6.871,4,Nov 10 2019 01: +0,1573347600
7.038,4,Nov 11 2019 01: +0,1573434000
6.983,11,Nov 12 2019 01: +0,1573520400
6.711,3,Nov 14 2019 01: +0,1573693200
7.112,3,Nov 15 2019 01: +0,1573779600
7.474,5,Nov 17 2019 01: +0,1573952400
6.981,3,Nov 18 2019 01: +0,1574038800
6.071,23,Nov 19 2019 01: +0,1574125200
5.229,4,Nov 20 2019 01: +0,1574211600
5.233,5,Nov 21 2019 01: +0,1574298000
6.36,11,Nov 22 2019 01: +0,1574384400
5.82,5,Nov 23 2019 01: +0,1574470800
6.283,3,Nov 24 2019 01: +0,1574557200
5.494,4,Nov 25 2019 01: +0,1574643600
5.759,2,Nov 26 2019 01: +0,1574730000
5.32,4,Nov 27 2019 01: +0,1574816400
5.657,2,Nov 28 2019 01: +0,1574902800
5.513,4,Nov 29 2019 01: +0,1574989200
5.37,5,Nov 30 2019 01: +0,1575075600
5.435,3,Dec 01 2019 01: +0,1575162000
5.631,2,Dec 02 2019 01: +0,1575248400
6.2,3,Dec 04 2019 01: +0,1575421200
5.38,1,Dec 05 2019 01: +0,1575507600
6.202,2,Dec 06 2019 01: +0,1575594000
5.402,3,Dec 07 2019 01: +0,1575680400
5.514,2,Dec 08 2019 01: +0,1575766800
5.425,2,Dec 09 2019 01: +0,1575853200
5.407,4,Dec 11 2019 01: +0,1576026000
5.9,2,Dec 12 2019 01: +0,1576112400
5.984,2,Dec 13 2019 01: +0,1576198800
5.568,1,Dec 14 2019 01: +0,1576285200
5.578,1,Dec 15 2019 01: +0,1576371600
5.642,4,Dec 16 2019 01: +0,1576458000
5.956,3,Dec 17 2019 01: +0,1576544400
6.046,1,Dec 18 2019 01: +0,1576630800
5.954,10,Dec 19 2019 01: +0,1576717200
6.971,2,Dec 20 2019 01: +0,1576803600
6.209,2,Dec 21 2019 01: +0,1576890000
6.146,4,Dec 22 2019 01: +0,1576976400
6.287,2,Dec 23 2019 01: +0,1577062800
5.681,2,Dec 24 2019 01: +0,1577149200
6.392,3,Dec 25 2019 01: +0,1577235600
5.493,3,Dec 26 2019 01: +0,1577322000
7.579,1,Dec 28 2019 01: +0,1577494800
6.629,1,Dec 29 2019 01: +0,1577581200
6.457,4,Dec 30 2019 01: +0,1577667600
7.37,1,Dec 31 2019 01: +0,1577754000
6.705,2,Jan 01 2020 01: +0,1577840400
6.863,2,Jan 02 2020 01: +0,1577926800
6.602,4,Jan 04 2020 01: +0,1578099600
6.365,1,Jan 05 2020 01: +0,1578186000
6.917,1,Jan 07 2020 01: +0,1578358800
7.212,3,Jan 08 2020 01: +0,1578445200
7.648,1,Jan 09 2020 01: +0,1578531600
6.804,2,Jan 10 2020 01: +0,1578618000
8.227,3,Jan 12 2020 01: +0,1578790800
8.535,2,Jan 13 2020 01: +0,1578877200
6.988,1,Jan 14 2020 01: +0,1578963600
6.959,1,Jan 15 2020 01: +0,1579050000
8.359,1,Jan 16 2020 01: +0,1579136400
8.284,1,Jan 17 2020 01: +0,1579222800
6.742,3,Jan 19 2020 01: +0,1579395600
7.431,1,Jan 20 2020 01: +0,1579482000
7.422,1,Jan 21 2020 01: +0,1579568400
6.473,1,Jan 22 2020 01: +0,1579654800
7.206,3,Jan 23 2020 01: +0,1579741200
7.212,2,Jan 24 2020 01: +0,1579827600
7.28,3,Jan 25 2020 01: +0,1579914000
7.454,1,Jan 27 2020 01: +0,1580086800
7.003,2,Jan 29 2020 01: +0,1580259600
6.651,4,Jan 30 2020 01: +0,1580346000
6.499,1,Feb 01 2020 01: +0,1580518800
7.803,2,Feb 02 2020 01: +0,1580605200
6.587,2,Feb 03 2020 01: +0,1580691600
6.523,2,Feb 04 2020 01: +0,1580778000
6.87,2,Feb 05 2020 01: +0,1580864400
6.48,2,Feb 06 2020 01: +0,1580950800
6.269,5,Feb 07 2020 01: +0,1581037200
6.57,2,Feb 08 2020 01: +0,1581123600
6.557,2,Feb 09 2020 01: +0,1581210000
7.407,1,Feb 10 2020 01: +0,1581296400
6.619,2,Feb 11 2020 01: +0,1581382800
7.175,3,Feb 12 2020 01: +0,1581469200
6.688,2,Feb 13 2020 01: +0,1581555600
6.261,1,Feb 14 2020 01: +0,1581642000
5.404,3,Feb 15 2020 01: +0,1581728400
6.427,2,Feb 19 2020 01: +0,1582074000
6.929,5,Feb 20 2020 01: +0,1582160400
6.7,1,Feb 21 2020 01: +0,1582246800
6.547,2,Feb 22 2020 01: +0,1582333200
6.77,7,Feb 23 2020 01: +0,1582419600
6.339,1,Feb 24 2020 01: +0,1582506000
7.289,3,Feb 25 2020 01: +0,1582592400
7.105,1,Feb 26 2020 01: +0,1582678800
7.238,1,Feb 27 2020 01: +0,1582765200
6.846,2,Feb 28 2020 01: +0,1582851600
6.594,4,Feb 29 2020 01: +0,1582938000
6.448,3,Mar 01 2020 01: +0,1583024400
6.386,1,Mar 02 2020 01: +0,1583110800
6.506,2,Mar 03 2020 01: +0,1583197200
7.293,12,Mar 04 2020 01: +0,1583283600
6.907,4,Mar 06 2020 01: +0,1583456400
6.847,4,Mar 07 2020 01: +0,1583542800
6.674,4,Mar 08 2020 01: +0,1583629200
7.088,2,Mar 09 2020 01: +0,1583715600
6.94,7,Mar 10 2020 01: +0,1583802000
6.951,8,Mar 11 2020 01: +0,1583888400
6.969,4,Mar 12 2020 01: +0,1583974800
7.56,2,Mar 13 2020 01: +0,1584061200
6.83,1,Mar 14 2020 01: +0,1584147600
6.316,4,Mar 15 2020 01: +0,1584234000
6.828,4,Mar 16 2020 01: +0,1584320400
6.817,2,Mar 17 2020 01: +0,1584406800
6.471,7,Mar 18 2020 01: +0,1584493200
6.536,9,Mar 19 2020 01: +0,1584579600
6.176,5,Mar 20 2020 01: +0,1584666000
5.966,1,Mar 21 2020 01: +0,1584752400
7.067,1,Mar 22 2020 01: +0,1584838800
6.093,1,Mar 23 2020 01: +0,1584925200
6.105,5,Mar 24 2020 01: +0,1585011600
6.911,6,Mar 25 2020 01: +0,1585098000
5.908,3,Mar 26 2020 01: +0,1585184400
6.435,3,Mar 27 2020 01: +0,1585270800
6.677,3,Mar 28 2020 01: +0,1585357200
6.633,2,Mar 29 2020 01: +0,1585443600
6.502,1,Mar 30 2020 01: +0,1585526400
6.582,5,Mar 31 2020 01: +0,1585612800
6.496,2,Apr 01 2020 01: +0,1585699200
6.712,5,Apr 02 2020 01: +0,1585785600
6.635,1,Apr 03 2020 01: +0,1585872000
6.593,4,Apr 04 2020 01: +0,1585958400
6.845,2,Apr 05 2020 01: +0,1586044800
6.554,1,Apr 06 2020 01: +0,1586131200
6.518,1,Apr 07 2020 01: +0,1586217600
7.25,1,Apr 08 2020 01: +0,1586304000
7.0,3,Apr 10 2020 01: +0,1586476800
6.947,1,Apr 11 2020 01: +0,1586563200
6.565,1,Apr 12 2020 01: +0,1586649600
6.626,1,Apr 13 2020 01: +0,1586736000
7.463,1,Apr 14 2020 01: +0,1586822400
7.11,2,Apr 15 2020 01: +0,1586908800
7.455,4,Apr 16 2020 01: +0,1586995200
6.767,1,Apr 17 2020 01: +0,1587081600
7.604,3,Apr 19 2020 01: +0,1587254400
7.054,1,Apr 20 2020 01: +0,1587340800
8.31,4,Apr 21 2020 01: +0,1587427200
7.904,4,Apr 23 2020 01: +0,1587600000
7.818,3,Apr 25 2020 01: +0,1587772800
7.222,2,Apr 26 2020 01: +0,1587859200
8.627,1,Apr 27 2020 01: +0,1587945600
7.451,1,Apr 28 2020 01: +0,1588032000
7.337,2,May 01 2020 01: +0,1588291200
8.458,2,May 02 2020 01: +0,1588377600
7.263,2,May 03 2020 01: +0,1588464000
8.157,4,May 04 2020 01: +0,1588550400
8.613,1,May 05 2020 01: +0,1588636800
8.201,1,May 08 2020 01: +0,1588896000
8.137,5,May 09 2020 01: +0,1588982400
7.685,3,May 12 2020 01: +0,1589241600
7.8,3,May 13 2020 01: +0,1589328000
8.493,2,May 15 2020 01: +0,1589500800
8.832,1,May 16 2020 01: +0,1589587200
7.914,2,May 21 2020 01: +0,1590019200
7.462,1,May 24 2020 01: +0,1590278400
8.111,10,May 26 2020 01: +0,1590451200
8.811,16,May 28 2020 01: +0,1590624000
8.88,2,May 29 2020 01: +0,1590710400
8.996,1,Jun 01 2020 01: +0,1590969600
12.109,7,Jun 04 2020 01: +0,1591228800
12.898,8,Jun 05 2020 01: +0,1591315200
13.885,3,Jun 07 2020 01: +0,1591488000
15.621,4,Jun 13 2020 01: +0,1592006400
13.354,2,Jun 19 2020 01: +0,1592524800
12.903,3,Jun 20 2020 01: +0,1592611200
13.072,1,Jun 22 2020 01: +0,1592784000
12.495,3,Jun 23 2020 01: +0,1592870400
14.353,1,Jun 24 2020 01: +0,1592956800
11.324,1,Jun 27 2020 01: +0,1593216000
11.604,2,Jun 29 2020 01: +0,1593388800
13.565,8,Jun 30 2020 01: +0,1593475200
16.247,1,Jul 01 2020 01: +0,1593561600
18.285,8,Jul 02 2020 01: +0,1593648000
22.753,7,Jul 03 2020 01: +0,1593734400
24.296,2,Jul 04 2020 01: +0,1593820800
19.072,1,Jul 07 2020 01: +0,1594080000
19.626,1,Jul 08 2020 01: +0,1594166400
18.476,3,Jul 09 2020 01: +0,1594252800
21.405,1,Jul 10 2020 01: +0,1594339200
20.416,1,Jul 11 2020 01: +0,1594425600
21.404,1,Jul 12 2020 01: +0,1594512000
19.341,1,Jul 13 2020 01: +0,1594598400
16.171,1,Jul 14 2020 01: +0,1594684800
19.69,5,Jul 15 2020 01: +0,1594771200
20.573,2,Jul 18 2020 01: +0,1595030400
19.235,13,Jul 20 2020 01: +0,1595203200
21.295,3,Jul 21 2020 01: +0,1595289600
21.44,2,Jul 22 2020 01: +0,1595376000
22.281,5,Jul 24 2020 01: +0,1595548800
23.958,6,Jul 27 2020 01: +0,1595808000
24.643,2,Jul 28 2020 01: +0,1595894400
25.346,2,Jul 29 2020 01: +0,1595980800
24.637,1,Aug 01 2020 01: +0,1596240000
21.476,6,Aug 04 2020 01: +0,1596499200
21.494,1,Aug 05 2020 01: +0,1596585600
21.604,1,Aug 06 2020 01: +0,1596672000
21.61,1,Aug 07 2020 01: +0,1596758400
22.757,1,Aug 09 2020 01: +0,1596931200
21.297,2,Aug 11 2020 01: +0,1597104000
19.273,1,Aug 12 2020 01: +0,1597190400
18.223,1,Aug 16 2020 01: +0,1597536000
18.012,1,Aug 17 2020 01: +0,1597622400
17.941,2,Aug 18 2020 01: +0,1597708800
15.128,5,Aug 23 2020 01: +0,1598140800
15.101,4,Sep 01 2020 01: +0,1598918400
12.946,1,Sep 03 2020 01: +0,1599091200
15.613,2,Sep 04 2020 01: +0,1599177600
17.533,1,Sep 05 2020 01: +0,1599264000
18.086,3,Sep 09 2020 01: +0,1599609600
20.275,1,Sep 16 2020 01: +0,1600214400
21.422,1,Sep 18 2020 01: +0,1600387200
14.266,1,Sep 19 2020 01: +0,1600473600
14.955,1,Sep 20 2020 01: +0,1600560000
15.137,1,Sep 23 2020 01: +0,1600819200
15.115,1,Sep 24 2020 01: +0,1600905600
20.196,1,Sep 26 2020 01: +0,1601078400
15.39,2,Sep 27 2020 01: +0,1601164800
19.906,1,Sep 30 2020 01: +0,1601424000
20.185,1,Oct 03 2020 01: +0,1601683200
15.816,1,Oct 06 2020 01: +0,1601942400
20.211,1,Oct 09 2020 01: +0,1602201600
17.879,2,Oct 11 2020 01: +0,1602374400
18.084,1,Oct 20 2020 01: +0,1603152000
18.808,1,Oct 23 2020 01: +0,1603411200
19.174,1,Oct 24 2020 01: +0,1603497600
17.092,2,Oct 25 2020 01: +0,1603584000
14.054,1,Oct 30 2020 01: +0,1604019600
14.054,1,Nov 01 2020 01: +0,1604192400
14.616,1,Nov 07 2020 01: +0,1604710800
14.616,2,Nov 09 2020 01: +0,1604883600
15.419,2,Nov 10 2020 01: +0,1604970000
16.243,1,Nov 12 2020 01: +0,1605142800
18.245,1,Nov 14 2020 01: +0,1605315600
18.626,1,Nov 15 2020 01: +0,1605402000
16.587,4,Nov 19 2020 01: +0,1605747600
14.169,1,Nov 24 2020 01: +0,1606179600
15.463,3,Nov 25 2020 01: +0,1606266000
14.087,2,Nov 26 2020 01: +0,1606352400
14.789,2,Nov 29 2020 01: +0,1606611600
13.921,1,Dec 01 2020 01: +0,1606784400
13.279,1,Dec 02 2020 01: +0,1606870800
13.483,1,Dec 03 2020 01: +0,1606957200
10.24,2,Dec 10 2020 01: +0,1607562000
12.927,1,Dec 12 2020 01: +0,1607734800
12.928,1,Dec 21 2020 01: +0,1608512400
12.935,1,Dec 22 2020 01: +0,1608598800
12.586,1,Dec 23 2020 01: +0,1608685200
10.811,1,Dec 24 2020 01: +0,1608771600
13.275,1,Dec 25 2020 01: +0,1608858000
10.894,1,Dec 28 2020 01: +0,1609117200
10.562,2,Dec 29 2020 01: +0,1609203600
12.777,1,Jan 05 2021 01: +0,1609808400
13.066,1,Jan 07 2021 01: +0,1609981200
11.668,1,Jan 09 2021 01: +0,1610154000
11.953,1,Jan 11 2021 01: +0,1610326800
13.015,2,Jan 12 2021 01: +0,1610413200
13.172,4,Jan 14 2021 01: +0,1610586000
12.532,1,Jan 20 2021 01: +0,1611104400
12.532,1,Jan 21 2021 01: +0,1611190800
14.378,1,Jan 23 2021 01: +0,1611363600
15.053,1,Jan 26 2021 01: +0,1611622800
12.482,4,Jan 28 2021 01: +0,1611795600
12.532,1,Jan 29 2021 01: +0,1611882000
12.547,1,Jan 30 2021 01: +0,1611968400
14.173,1,Feb 01 2021 01: +0,1612141200
12.184,1,Feb 02 2021 01: +0,1612227600
11.361,2,Feb 03 2021 01: +0,1612314000
11.595,2,Feb 07 2021 01: +0,1612659600
12.897,2,Feb 08 2021 01: +0,1612746000
10.486,1,Feb 13 2021 01: +0,1613178000
9.028,1,Feb 15 2021 01: +0,1613350800
9.048,2,Feb 17 2021 01: +0,1613523600
10.052,1,Feb 18 2021 01: +0,1613610000
9.866,2,Feb 19 2021 01: +0,1613696400
12.433,1,Feb 21 2021 01: +0,1613869200
9.479,1,Feb 23 2021 01: +0,1614042000
9.579,1,Feb 26 2021 01: +0,1614301200
9.637,2,Feb 27 2021 01: +0,1614387600
10.51,2,Feb 28 2021 01: +0,1614474000
11.572,1,Mar 01 2021 01: +0,1614560400
9.637,1,Mar 02 2021 01: +0,1614646800
9.723,1,Mar 06 2021 01: +0,1614992400
10.563,1,Mar 13 2021 01: +0,1615597200
10.58,2,Mar 14 2021 01: +0,1615683600
10.403,1,Mar 15 2021 01: +0,1615770000
9.967,1,Mar 16 2021 01: +0,1615856400
10.641,2,Mar 17 2021 01: +0,1615942800
11.25,1,Mar 18 2021 01: +0,1616029200
11.477,1,Mar 20 2021 01: +0,1616202000
11.534,3,Mar 22 2021 01: +0,1616374800
11.051,1,Mar 25 2021 01: +0,1616634000
11.316,1,Mar 29 2021 01: +0,1616976000
11.177,1,Apr 02 2021 01: +0,1617321600
11.167,2,Apr 03 2021 01: +0,1617408000
12.407,1,Apr 05 2021 01: +0,1617580800
11.208,2,Apr 08 2021 01: +0,1617840000
10.728,3,Apr 09 2021 01: +0,1617926400
10.025,1,Apr 10 2021 01: +0,1618012800
10.304,3,Apr 11 2021 01: +0,1618099200
12.089,2,Apr 13 2021 01: +0,1618272000
8.015,1,Apr 16 2021 01: +0,1618531200
9.281,1,Apr 22 2021 01: +0,1619049600
10.873,1,Apr 24 2021 01: +0,1619222400
9.57,1,Apr 26 2021 01: +0,1619395200
10.977,4,Apr 27 2021 01: +0,1619481600
9.761,1,May 03 2021 01: +0,1620000000
11.899,1,May 09 2021 01: +0,1620518400
11.375,4,May 12 2021 01: +0,1620777600
11.043,3,May 15 2021 01: +0,1621036800
12.263,2,May 20 2021 01: +0,1621468800
12.139,2,May 21 2021 01: +0,1621555200
12.838,3,May 23 2021 01: +0,1621728000
11.504,2,May 28 2021 01: +0,1622160000
12.821,1,May 29 2021 01: +0,1622246400
11.461,2,May 30 2021 01: +0,1622332800
11.464,1,May 31 2021 01: +0,1622419200
10.402,1,Jun 04 2021 01: +0,1622764800
11.738,2,Jun 05 2021 01: +0,1622851200
12.204,1,Jun 09 2021 01: +0,1623196800
11.196,1,Jun 10 2021 01: +0,1623283200
11.935,1,Jun 11 2021 01: +0,1623369600
12.623,5,Jun 17 2021 01: +0,1623888000
13.688,5,Jun 18 2021 01: +0,1623974400
12.978,1,Jun 20 2021 01: +0,1624147200
14.12,1,Jun 22 2021 01: +0,1624320000
14.145,1,Jun 23 2021 01: +0,1624406400
14.262,2,Jun 27 2021 01: +0,1624752000
14.055,1,Jul 08 2021 01: +0,1625702400
13.198,1,Jul 13 2021 01: +0,1626134400
10.947,3,Jul 15 2021 01: +0,1626307200
9.325,1,Jul 26 2021 01: +0,1627257600
9.322,1,Jul 28 2021 01: +0,1627430400
12.407,1,Jul 29 2021 01: +0,1627516800
9.38,1,Aug 04 2021 01: +0,1628035200
9.927,4,Aug 14 2021 01: +0,1628899200
9.478,3,Aug 25 2021 01: +0,1629849600
11.72,1,Aug 27 2021 01: +0,1630022400
9.593,1,Sep 01 2021 01: +0,1630454400
9.587,1,Sep 03 2021 01: +0,1630627200
11.752,1,Sep 10 2021 01: +0,1631232000
10.24,1,Sep 11 2021 01: +0,1631318400
10.282,1,Sep 12 2021 01: +0,1631404800
10.668,2,Sep 14 2021 01: +0,1631577600
10.505,1,Sep 15 2021 01: +0,1631664000
10.728,1,Sep 16 2021 01: +0,1631750400
11.164,2,Sep 17 2021 01: +0,1631836800
9.562,1,Sep 18 2021 01: +0,1631923200
8.892,1,Sep 20 2021 01: +0,1632096000
12.491,1,Sep 21 2021 01: +0,1632182400
8.561,1,Sep 22 2021 01: +0,1632268800
9.486,2,Sep 23 2021 01: +0,1632355200
7.114,1,Sep 24 2021 01: +0,1632441600
10.437,2,Sep 27 2021 01: +0,1632700800
10.439,1,Sep 28 2021 01: +0,1632787200
8.288,1,Oct 04 2021 01: +0,1633305600
9.58,1,Oct 05 2021 01: +0,1633392000
8.689,3,Oct 07 2021 01: +0,1633564800
8.437,1,Oct 09 2021 01: +0,1633737600
8.445,2,Oct 10 2021 01: +0,1633824000
9.543,1,Oct 14 2021 01: +0,1634169600
8.479,2,Oct 19 2021 01: +0,1634601600
9.807,1,Oct 21 2021 01: +0,1634774400
8.197,1,Oct 24 2021 01: +0,1635033600
4.966,1,Oct 27 2021 01: +0,1635292800
8.396,1,Oct 28 2021 01: +0,1635379200
9.274,1,Nov 02 2021 01: +0,1635814800
6.589,3,Nov 03 2021 01: +0,1635901200
9.412,1,Nov 04 2021 01: +0,1635987600
6.708,1,Nov 07 2021 01: +0,1636246800
8.249,1,Nov 08 2021 01: +0,1636333200
5.57,1,Nov 09 2021 01: +0,1636419600
5.573,1,Nov 10 2021 01: +0,1636506000
7.442,1,Nov 12 2021 01: +0,1636678800
7.448,1,Nov 18 2021 01: +0,1637197200
7.047,2,Nov 19 2021 01: +0,1637283600
5.849,1,Nov 21 2021 01: +0,1637456400
5.832,1,Nov 22 2021 01: +0,1637542800
6.076,1,Nov 24 2021 01: +0,1637715600
6.584,1,Nov 26 2021 01: +0,1637888400
6.981,1,Nov 29 2021 01: +0,1638147600
4.596,1,Nov 30 2021 01: +0,1638234000
7.127,2,Dec 06 2021 01: +0,1638752400
5.773,1,Dec 09 2021 01: +0,1639011600
7.142,2,Dec 10 2021 01: +0,1639098000
8.393,1,Dec 11 2021 01: +0,1639184400
6.088,1,Dec 15 2021 01: +0,1639530000
6.675,1,Dec 20 2021 01: +0,1639962000
4.768,1,Dec 22 2021 01: +0,1640134800
5.139,1,Dec 25 2021 01: +0,1640394000
4.389,1,Dec 28 2021 01: +0,1640653200
4.467,1,Dec 30 2021 01: +0,1640826000
3.983,1,Dec 31 2021 01: +0,1640912400
4.483,1,Jan 01 2022 01: +0,1640998800
4.822,2,Jan 02 2022 01: +0,1641085200
4.745,5,Jan 03 2022 01: +0,1641171600
5.752,2,Jan 06 2022 01: +0,1641430800
7.004,1,Jan 10 2022 01: +0,1641776400
6.082,1,Jan 19 2022 01: +0,1642554000
4.797,1,Jan 24 2022 01: +0,1642986000
4.933,1,Jan 27 2022 01: +0,1643245200
4.194,1,Jan 28 2022 01: +0,1643331600
5.31,2,Jan 31 2022 01: +0,1643590800
5.302,1,Feb 02 2022 01: +0,1643763600
5.127,1,Feb 09 2022 01: +0,1644368400
4.467,1,Feb 12 2022 01: +0,1644627600
5.217,1,Feb 14 2022 01: +0,1644800400
7.48,1,Feb 16 2022 01: +0,1644973200
7.169,1,Feb 20 2022 01: +0,1645318800
5.208,1,Feb 28 2022 01: +0,1646010000
4.535,1,Mar 01 2022 01: +0,1646096400
3.986,1,Mar 03 2022 01: +0,1646269200
4.529,1,Mar 04 2022 01: +0,1646355600
4.549,1,Mar 06 2022 01: +0,1646528400
5.23,1,Mar 07 2022 01: +0,1646614800
3.875,2,Mar 09 2022 01: +0,1646787600
6.93,1,Mar 12 2022 01: +0,1647046800
5.998,2,Mar 17 2022 01: +0,1647478800
5.782,1,Mar 23 2022 01: +0,1647997200
5.559,1,Mar 25 2022 01: +0,1648170000
7.634,1,Mar 26 2022 01: +0,1648256400
5.583,9,Mar 27 2022 01: +0,1648342800
5.698,1,Mar 30 2022 01: +0,1648598400
5.967,1,Apr 03 2022 01: +0,1648944000
5.683,1,Apr 05 2022 01: +0,1649116800
6.543,1,Apr 06 2022 01: +0,1649203200
6.07,2,Apr 07 2022 01: +0,1649289600
5.834,1,Apr 08 2022 01: +0,1649376000
6.356,1,Apr 11 2022 01: +0,1649635200
6.265,2,Apr 12 2022 01: +0,1649721600
7.484,1,Apr 13 2022 01: +0,1649808000
7.651,1,Apr 14 2022 01: +0,1649894400
5.815,1,Apr 18 2022 01: +0,1650240000
5.791,1,Apr 19 2022 01: +0,1650326400
5.873,1,Apr 21 2022 01: +0,1650499200
6.791,2,Apr 24 2022 01: +0,1650758400
7.85,1,Apr 27 2022 01: +0,1651017600
6.353,1,May 04 2022 01: +0,1651622400
6.469,1,May 05 2022 01: +0,1651708800
3.585,1,May 06 2022 01: +0,1651795200
5.683,1,May 08 2022 01: +0,1651968000
5.261,1,May 14 2022 01: +0,1652486400
6.945,1,May 17 2022 01: +0,1652745600
5.492,3,May 19 2022 01: +0,1652918400
3.837,2,May 22 2022 01: +0,1653177600
4.623,2,May 24 2022 01: +0,1653350400
4.508,3,May 28 2022 01: +0,1653696000
4.65,1,Jun 06 2022 01: +0,1654473600
5.376,1,Jun 07 2022 01: +0,1654560000
5.033,2,Jun 10 2022 01: +0,1654819200
4.96,2,Jun 13 2022 01: +0,1655078400
5.446,1,Jun 15 2022 01: +0,1655251200
5.441,1,Jun 16 2022 01: +0,1655337600
3.962,1,Jun 17 2022 01: +0,1655424000
5.477,1,Jun 21 2022 01: +0,1655769600
5.514,2,Jun 23 2022 01: +0,1655942400
4.995,2,Jun 26 2022 01: +0,1656201600
5.544,1,Jun 29 2022 01: +0,1656460800
4.922,1,Jul 04 2022 01: +0,1656892800
5.114,1,Jul 06 2022 01: +0,1657065600
6.024,1,Jul 12 2022 01: +0,1657584000
6.103,1,Jul 18 2022 01: +0,1658102400
6.237,1,Jul 19 2022 01: +0,1658188800
5.434,6,Jul 21 2022 01: +0,1658361600
4.773,1,Jul 24 2022 01: +0,1658620800
5.021,1,Aug 03 2022 01: +0,1659484800
4.963,1,Aug 04 2022 01: +0,1659571200
4.955,2,Aug 05 2022 01: +0,1659657600
5.968,3,Aug 06 2022 01: +0,1659744000
5.401,1,Aug 08 2022 01: +0,1659916800
4.781,1,Aug 13 2022 01: +0,1660348800
4.624,1,Aug 18 2022 01: +0,1660780800
4.459,5,Aug 24 2022 01: +0,1661299200
5.217,2,Aug 25 2022 01: +0,1661385600
4.409,1,Aug 26 2022 01: +0,1661472000
4.308,1,Sep 03 2022 01: +0,1662163200
4.169,3,Sep 12 2022 01: +0,1662940800
3.846,2,Sep 13 2022 01: +0,1663027200
5.243,1,Sep 14 2022 01: +0,1663113600
4.095,1,Sep 18 2022 01: +0,1663459200
4.128,3,Sep 19 2022 01: +0,1663545600
3.904,1,Sep 20 2022 01: +0,1663632000
3.52,3,Sep 21 2022 01: +0,1663718400
3.011,1,Sep 26 2022 01: +0,1664150400
4.45,1,Oct 03 2022 01: +0,1664755200
4.396,2,Oct 13 2022 01: +0,1665619200
4.359,3,Oct 15 2022 01: +0,1665792000
4.826,3,Oct 17 2022 01: +0,1665964800
3.59,1,Oct 19 2022 01: +0,1666137600
3.597,1,Oct 22 2022 01: +0,1666396800
3.664,1,Oct 23 2022 01: +0,1666483200
4.471,1,Oct 25 2022 01: +0,1666656000
3.714,1,Oct 27 2022 01: +0,1666828800
3.78,1,Nov 01 2022 01: +0,1667264400
4.634,1,Nov 05 2022 01: +0,1667610000
4.437,1,Nov 09 2022 01: +0,1667955600
4.629,1,Nov 10 2022 01: +0,1668042000
4.629,1,Nov 14 2022 01: +0,1668387600
4.233,2,Nov 22 2022 01: +0,1669078800
4.231,2,Nov 23 2022 01: +0,1669165200
3.739,1,Nov 24 2022 01: +0,1669251600
3.734,1,Nov 26 2022 01: +0,1669424400
3.577,1,Nov 27 2022 01: +0,1669510800
4.006,1,Dec 05 2022 01: +0,1670202000
4.364,1,Dec 12 2022 01: +0,1670806800
3.965,2,Dec 22 2022 01: +0,1671670800
4.254,1,Dec 25 2022 01: +0,1671930000
4.145,1,Dec 29 2022 01: +0,1672275600
4.359,2,Jan 06 2023 01: +0,1672966800
3.946,1,Jan 11 2023 01: +0,1673398800
3.97,1,Jan 17 2023 01: +0,1673917200
4.55,1,Jan 21 2023 01: +0,1674262800
4.567,1,Jan 25 2023 01: +0,1674608400
4.671,1,Jan 29 2023 01: +0,1674954000
4.493,1,Jan 30 2023 01: +0,1675040400
4.566,2,Jan 31 2023 01: +0,1675126800
4.657,1,Feb 05 2023 01: +0,1675558800
4.588,1,Feb 07 2023 01: +0,1675731600
4.747,1,Feb 08 2023 01: +0,1675818000
5.199,1,Feb 09 2023 01: +0,1675904400
4.152,1,Feb 16 2023 18: +0,1676570400
4.136,1,Feb 24 2023 15: +0,1677250800
4.991,1,Feb 25 2023 16: +0,1677340800
5.252,1,Feb 27 2023 18: +0,1677520800
5.504,1,Mar 03 2023 23: +0,1677884400
4.351,1,Mar 04 2023 14: +0,1677938400
4.72,1,Mar 08 2023 22: +0,1678312800
4.971,1,Mar 09 2023 09: +0,1678352400
6.394,1,Mar 09 2023 18: +0,1678384800
4.36,1,Mar 10 2023 22: +0,1678485600
4.318,1,Mar 14 2023 11: +0,1678791600
6.164,3,Mar 15 2023 04: +0,1678852800
6.27,1,Mar 18 2023 01: +0,1679101200
4.85,1,Mar 18 2023 22: +0,1679176800
6.242,4,Mar 18 2023 23: +0,1679180400
6.191,1,Mar 23 2023 06: +0,1679551200
6.07,1,Mar 25 2023 04: +0,1679716800
6.38,1,Mar 25 2023 21: +0,1679778000
6.473,1,Mar 26 2023 01: +0,1679792400
6.754,1,Mar 27 2023 17: +0,1679932800
6.842,1,Mar 28 2023 15: +0,1680012000
6.806,1,Mar 29 2023 14: +0,1680094800
7.058,4,Mar 30 2023 02: +0,1680138000
6.195,2,Apr 01 2023 17: +0,1680364800
8.526,1,Apr 02 2023 11: +0,1680429600
7.061,1,Apr 03 2023 20: +0,1680548400
8.376,1,Apr 04 2023 03: +0,1680573600
8.449,2,Apr 04 2023 08: +0,1680591600
9.121,2,Apr 04 2023 23: +0,1680645600
7.358,1,Apr 10 2023 19: +0,1681149600
6.557,2,Apr 12 2023 19: +0,1681322400
6.986,1,Apr 14 2023 10: +0,1681462800
7.026,1,Apr 18 2023 17: +0,1681833600
7.922,1,Apr 20 2023 03: +0,1681956000
7.934,1,Apr 20 2023 19: +0,1682013600
7.944,1,Apr 21 2023 14: +0,1682082000
6.667,1,Apr 22 2023 10: +0,1682154000
6.587,1,Apr 22 2023 13: +0,1682164800
6.589,1,Apr 25 2023 01: +0,1682380800
7.651,1,Apr 25 2023 16: +0,1682434800
7.697,1,Apr 25 2023 18: +0,1682442000
7.599,1,Apr 28 2023 00: +0,1682636400
6.271,1,Apr 29 2023 04: +0,1682737200
5.889,1,Apr 29 2023 15: +0,1682776800
6.249,1,Apr 29 2023 18: +0,1682787600
5.759,1,May 01 2023 19: +0,1682964000
7.49,1,May 03 2023 00: +0,1683068400
7.631,1,May 03 2023 02: +0,1683075600
7.393,1,May 06 2023 09: +0,1683360000
7.393,2,May 06 2023 17: +0,1683388800
6.082,1,May 06 2023 18: +0,1683392400
7.322,1,May 08 2023 16: +0,1683558000
6.1,1,May 09 2023 17: +0,1683648000
7.332,1,May 12 2023 17: +0,1683907200
5.853,1,May 15 2023 00: +0,1684105200
7.324,1,May 16 2023 22: +0,1684270800
7.307,1,May 22 2023 23: +0,1684792800
7.324,1,May 23 2023 17: +0,1684857600
5.757,2,Jun 04 2023 16: +0,1685890800
7.266,1,Jun 05 2023 15: +0,1685973600
6.232,1,Jun 07 2023 00: +0,1686092400
6.008,1,Jun 08 2023 10: +0,1686214800
7.217,1,Jun 08 2023 16: +0,1686236400
7.234,1,Jun 08 2023 20: +0,1686250800
7.224,1,Jun 09 2023 03: +0,1686276000
7.225,1,Jun 09 2023 15: +0,1686319200
7.405,1,Jun 09 2023 16: +0,1686322800
6.278,1,Jun 11 2023 02: +0,1686445200
7.641,1,Jun 11 2023 14: +0,1686488400
6.739,1,Jun 11 2023 23: +0,1686520800
7.938,1,Jun 13 2023 20: +0,1686682800
7.675,1,Jun 18 2023 18: +0,1687107600
5.973,1,Jun 21 2023 16: +0,1687359600
7.908,1,Jun 22 2023 14: +0,1687438800
7.908,1,Jun 22 2023 15: +0,1687442400
8.122,1,Jun 22 2023 18: +0,1687453200
8.579,1,Jun 22 2023 20: +0,1687460400
6.85,1,Jun 23 2023 07: +0,1687500000
9.391,1,Jun 24 2023 19: +0,1687629600
9.424,1,Jun 27 2023 21: +0,1687896000
8.533,1,Jul 01 2023 23: +0,1688248800
4.468,5,Jul 04 2023 09: +0,1688457600
3.979,2,Jul 04 2023 13: +0,1688472000
5.297,1,Jul 04 2023 22: +0,1688504400
4.118,1,Jul 05 2023 11: +0,1688551200
4.813,1,Jul 08 2023 02: +0,1688778000
4.822,1,Jul 08 2023 14: +0,1688821200
5.772,1,Jul 10 2023 17: +0,1689004800
7.849,1,Jul 12 2023 03: +0,1689127200
5.137,1,Jul 18 2023 15: +0,1689688800
8.174,1,Jul 21 2023 14: +0,1689944400
5.212,1,Jul 23 2023 10: +0,1690102800
5.14,1,Jul 26 2023 17: +0,1690387200
6.882,5,Jul 27 2023 05: +0,1690430400
7.087,1,Jul 31 2023 22: +0,1690837200
5.93,2,Aug 05 2023 04: +0,1691204400
5.761,1,Aug 09 2023 02: +0,1691542800
7.025,1,Aug 10 2023 15: +0,1691676000
7.303,1,Aug 11 2023 15: +0,1691762400
5.985,4,Aug 15 2023 18: +0,1692118800
6.173,1,Aug 20 2023 20: +0,1692558000
6.627,3,Aug 23 2023 18: +0,1692810000
6.349,1,Aug 23 2023 20: +0,1692817200
6.998,1,Aug 25 2023 13: +0,1692964800
7.05,1,Aug 26 2023 00: +0,1693004400
7.623,1,Aug 26 2023 06: +0,1693026000
5.173,1,Aug 31 2023 12: +0,1693479600
7.56,1,Sep 08 2023 11: +0,1694167200
7.926,1,Sep 16 2023 04: +0,1694833200
7.902,1,Sep 16 2023 06: +0,1694840400
5.499,1,Sep 20 2023 12: +0,1695207600
6.039,2,Sep 25 2023 14: +0,1695646800
8.102,1,Sep 27 2023 16: +0,1695826800
7.767,2,Sep 29 2023 10: +0,1695978000
7.792,1,Oct 01 2023 19: +0,1696183200
6.495,1,Oct 08 2023 12: +0,1696762800
6.43,1,Oct 12 2023 19: +0,1697133600
6.412,1,Oct 19 2023 03: +0,1697680800
7.853,1,Oct 20 2023 15: +0,1697810400
6.524,1,Oct 25 2023 12: +0,1698231600
6.524,1,Oct 25 2023 14: +0,1698238800
6.505,1,Oct 29 2023 03: +0,1698548400
6.42,1,Oct 31 2023 13: +0,1698757200
6.42,1,Nov 01 2023 09: +0,1698829200
6.514,1,Nov 02 2023 02: +0,1698890400
6.225,1,Nov 05 2023 23: +0,1699225200
6.153,1,Nov 08 2023 08: +0,1699430400
6.153,1,Nov 08 2023 13: +0,1699448400
6.153,1,Nov 11 2023 16: +0,1699718400
7.111,1,Nov 12 2023 01: +0,1699750800
7.381,1,Nov 17 2023 02: +0,1700186400
6.193,1,Nov 26 2023 00: +0,1700956800
7.433,1,Dec 16 2023 14: +0,1702735200
7.291,1,Dec 25 2023 18: +0,1703527200
6.04,1,Jan 02 2024 08: +0,1704182400
7.693,1,Jan 07 2024 21: +0,1704661200
6.158,1,Jan 17 2024 11: +0,1705489200
7.664,1,Jan 18 2024 05: +0,1705554000
6.023,2,Jan 20 2024 05: +0,1705726800
5.959,2,Jan 20 2024 14: +0,1705759200
6.037,1,Jan 20 2024 19: +0,1705777200
6.011,1,Jan 21 2024 15: +0,1705849200
5.616,1,Jan 25 2024 09: +0,1706173200
7.266,1,Jan 27 2024 16: +0,1706371200
5.704,1,Jan 28 2024 03: +0,1706410800
7.75,2,Jan 29 2024 19: +0,1706554800
5.823,1,Jan 31 2024 14: +0,1706709600
3.725,1,Jan 31 2024 15: +0,1706713200
6.226,1,Feb 01 2024 15: +0,1706799600
6.189,2,Feb 03 2024 06: +0,1706940000
5.267,1,Feb 09 2024 11: +0,1707476400
6.218,1,Feb 09 2024 14: +0,1707487200
7.027,1,Feb 14 2024 05: +0,1707886800
6.754,1,Feb 19 2024 16: +0,1708358400
6.784,1,Feb 25 2024 04: +0,1708833600
5.453,1,Mar 05 2024 13: +0,1709643600
6.834,1,Mar 09 2024 04: +0,1709956800
5.358,1,Mar 15 2024 08: +0,1710489600
4.528,1,Mar 25 2024 19: +0,1711393200
6.18,1,Mar 26 2024 11: +0,1711450800
6.206,1,Mar 30 2024 00: +0,1711756800
6.212,1,Mar 30 2024 11: +0,1711796400
6.761,1,Apr 17 2024 05: +0,1713326400
6.767,1,Apr 18 2024 20: +0,1713466800
6.755,1,Apr 20 2024 08: +0,1713596400
6.388,1,May 01 2024 18: +0,1714582800
6.716,1,May 02 2024 04: +0,1714618800
6.544,1,May 14 2024 18: +0,1715706000
6.662,1,May 17 2024 15: +0,1715954400
4.613,1,May 23 2024 15: +0,1716472800
5.538,1,May 29 2024 21: +0,1717012800
5.521,1,Jun 05 2024 05: +0,1717560000
5.34,1,Jun 09 2024 03: +0,1717898400
5.34,1,Jun 10 2024 06: +0,1717995600
